protocol,failure_type,run,phase,duration_s,packets,update_packets,bits_per_s
bgp,admin,1,stable,60,20,0,201.33333333333334
bgp,admin,1,failure,60,27,6,298.93333333333334
bgp,admin,1,convergence,10,12,6,880.0
bgp,silent,1,stable,60,20,0,201.33333333333334
bgp,silent,1,failure,240,64,6,171.33333333333334
bgp,silent,1,convergence,10,24,6,1635.2
ospf,admin,1,stable,60,60,0,656.0
ospf,admin,1,failure,60,81,33,983.7333333333333
ospf,admin,1,convergence,10,41,33,3278.4
ospf,silent,1,stable,60,60,0,656.0
ospf,silent,1,failure,240,209,16,584.0666666666667
ospf,silent,1,convergence,10,16,8,1203.2
rip,admin,1,stable,60,20,20,416.0
rip,admin,1,failure,60,24,24,411.2
rip,admin,1,convergence,10,8,8,662.4
rip,silent,1,stable,60,22,22,457.6
rip,silent,1,failure,240,67,67,326.73333333333335
rip,silent,1,convergence,10,7,7,705.6
