protocol,failure_type,run,phase,cpu_mean_pct,cpu_peak_pct,memory_mean_mib,memory_peak_mib
bgp,admin,1,stable,0.5840000000000001,4.95,122.93,124.41
bgp,admin,1,failure,6.868,31.72,123.20933333333333,124.71000000000001
bgp,silent,1,stable,0.27666666666666667,0.7000000000000001,123.1,124.38
bgp,silent,1,failure,2.2006896551724138,33.2,123.40344827586208,126.00999999999999
ospf,admin,1,stable,0.33066666666666666,1.18,98.398,100.68
ospf,admin,1,failure,6.761333333333333,32.55,98.40066666666667,100.23
ospf,silent,1,stable,0.328,0.77,98.38466666666667,100.59
ospf,silent,1,failure,1.0308620689655172,21.060000000000002,98.41051724137931,101.22
rip,admin,1,stable,0.37866666666666665,1.74,92.08266666666667,92.95
rip,admin,1,failure,6.597333333333333,22.88,92.78866666666667,95.28
rip,silent,1,stable,0.44066666666666665,3.03,91.95466666666667,93.25
rip,silent,1,failure,2.5020689655172412,22.88,93.07241379310345,95.12
