protocol,failure_type,run,router,rib_prefixes,remote_lans
bgp,admin,1,r1,10,4
bgp,admin,1,r2,10,4
bgp,admin,1,r3,10,4
bgp,admin,1,r4,10,4
bgp,admin,1,r5,10,4
bgp,silent,1,r1,10,4
bgp,silent,1,r2,10,4
bgp,silent,1,r3,10,4
bgp,silent,1,r4,10,4
bgp,silent,1,r5,10,4
ospf,admin,1,r1,13,4
ospf,admin,1,r2,13,4
ospf,admin,1,r3,13,4
ospf,admin,1,r4,13,4
ospf,admin,1,r5,13,4
ospf,silent,1,r1,13,4
ospf,silent,1,r2,13,4
ospf,silent,1,r3,13,4
ospf,silent,1,r4,13,4
ospf,silent,1,r5,13,4
rip,admin,1,r1,13,4
rip,admin,1,r2,13,4
rip,admin,1,r3,13,4
rip,admin,1,r4,13,4
rip,admin,1,r5,13,4
rip,silent,1,r1,13,4
rip,silent,1,r2,13,4
rip,silent,1,r3,13,4
rip,silent,1,r4,13,4
rip,silent,1,r5,13,4
