protocol,failure_type,run,second,packets,update_packets
bgp,admin,1,-10,0,0
bgp,admin,1,-9,0,0
bgp,admin,1,-8,0,0
bgp,admin,1,-7,0,0
bgp,admin,1,-6,0,0
bgp,admin,1,-5,0,0
bgp,admin,1,-4,0,0
bgp,admin,1,-3,0,0
bgp,admin,1,-2,0,0
bgp,admin,1,-1,8,4
bgp,admin,1,0,4,2
bgp,admin,1,1,0,0
bgp,admin,1,2,0,0
bgp,admin,1,3,0,0
bgp,admin,1,4,0,0
bgp,admin,1,5,0,0
bgp,admin,1,6,0,0
bgp,admin,1,7,0,0
bgp,admin,1,8,0,0
bgp,admin,1,9,0,0
bgp,admin,1,10,0,0
bgp,admin,1,11,0,0
bgp,admin,1,12,0,0
bgp,admin,1,13,15,0
bgp,admin,1,14,0,0
bgp,admin,1,15,0,0
bgp,admin,1,16,0,0
bgp,admin,1,17,0,0
bgp,admin,1,18,0,0
bgp,admin,1,19,0,0
bgp,admin,1,20,0,0
bgp,admin,1,21,0,0
bgp,admin,1,22,0,0
bgp,admin,1,23,0,0
bgp,admin,1,24,0,0
bgp,admin,1,25,0,0
bgp,admin,1,26,0,0
bgp,admin,1,27,0,0
bgp,admin,1,28,0,0
bgp,admin,1,29,0,0
bgp,silent,1,-10,0,0
bgp,silent,1,-9,0,0
bgp,silent,1,-8,0,0
bgp,silent,1,-7,0,0
bgp,silent,1,-6,0,0
bgp,silent,1,-5,0,0
bgp,silent,1,-4,0,0
bgp,silent,1,-3,0,0
bgp,silent,1,-2,0,0
bgp,silent,1,-1,24,6
bgp,silent,1,0,0,0
bgp,silent,1,1,0,0
bgp,silent,1,2,0,0
bgp,silent,1,3,0,0
bgp,silent,1,4,0,0
bgp,silent,1,5,0,0
bgp,silent,1,6,0,0
bgp,silent,1,7,0,0
bgp,silent,1,8,0,0
bgp,silent,1,9,0,0
bgp,silent,1,10,0,0
bgp,silent,1,11,0,0
bgp,silent,1,12,0,0
bgp,silent,1,13,0,0
bgp,silent,1,14,0,0
bgp,silent,1,15,0,0
bgp,silent,1,16,0,0
bgp,silent,1,17,0,0
bgp,silent,1,18,0,0
bgp,silent,1,19,0,0
bgp,silent,1,20,0,0
bgp,silent,1,21,0,0
bgp,silent,1,22,0,0
bgp,silent,1,23,0,0
bgp,silent,1,24,0,0
bgp,silent,1,25,0,0
bgp,silent,1,26,0,0
bgp,silent,1,27,0,0
bgp,silent,1,28,0,0
bgp,silent,1,29,0,0
ospf,admin,1,-10,0,0
ospf,admin,1,-9,0,0
ospf,admin,1,-8,0,0
ospf,admin,1,-7,0,0
ospf,admin,1,-6,10,0
ospf,admin,1,-5,0,0
ospf,admin,1,-4,0,0
ospf,admin,1,-3,0,0
ospf,admin,1,-2,0,0
ospf,admin,1,-1,0,0
ospf,admin,1,0,9,9
ospf,admin,1,1,8,8
ospf,admin,1,2,0,0
ospf,admin,1,3,0,0
ospf,admin,1,4,8,0
ospf,admin,1,5,8,8
ospf,admin,1,6,8,8
ospf,admin,1,7,0,0
ospf,admin,1,8,0,0
ospf,admin,1,9,0,0
ospf,admin,1,10,0,0
ospf,admin,1,11,0,0
ospf,admin,1,12,0,0
ospf,admin,1,13,0,0
ospf,admin,1,14,8,0
ospf,admin,1,15,0,0
ospf,admin,1,16,0,0
ospf,admin,1,17,0,0
ospf,admin,1,18,0,0
ospf,admin,1,19,0,0
ospf,admin,1,20,0,0
ospf,admin,1,21,0,0
ospf,admin,1,22,0,0
ospf,admin,1,23,0,0
ospf,admin,1,24,8,0
ospf,admin,1,25,0,0
ospf,admin,1,26,0,0
ospf,admin,1,27,0,0
ospf,admin,1,28,0,0
ospf,admin,1,29,0,0
ospf,silent,1,-10,7,0
ospf,silent,1,-9,0,0
ospf,silent,1,-8,0,0
ospf,silent,1,-7,0,0
ospf,silent,1,-6,0,0
ospf,silent,1,-5,0,0
ospf,silent,1,-4,0,0
ospf,silent,1,-3,0,0
ospf,silent,1,-2,0,0
ospf,silent,1,-1,5,4
ospf,silent,1,0,11,4
ospf,silent,1,1,0,0
ospf,silent,1,2,0,0
ospf,silent,1,3,0,0
ospf,silent,1,4,0,0
ospf,silent,1,5,0,0
ospf,silent,1,6,0,0
ospf,silent,1,7,0,0
ospf,silent,1,8,0,0
ospf,silent,1,9,1,0
ospf,silent,1,10,11,4
ospf,silent,1,11,4,4
ospf,silent,1,12,0,0
ospf,silent,1,13,0,0
ospf,silent,1,14,0,0
ospf,silent,1,15,0,0
ospf,silent,1,16,0,0
ospf,silent,1,17,0,0
ospf,silent,1,18,0,0
ospf,silent,1,19,1,0
ospf,silent,1,20,7,0
ospf,silent,1,21,0,0
ospf,silent,1,22,0,0
ospf,silent,1,23,0,0
ospf,silent,1,24,0,0
ospf,silent,1,25,0,0
ospf,silent,1,26,0,0
ospf,silent,1,27,0,0
ospf,silent,1,28,0,0
ospf,silent,1,29,1,0
rip,admin,1,-10,1,1
rip,admin,1,-9,0,0
rip,admin,1,-8,0,0
rip,admin,1,-7,0,0
rip,admin,1,-6,0,0
rip,admin,1,-5,0,0
rip,admin,1,-4,0,0
rip,admin,1,-3,0,0
rip,admin,1,-2,0,0
rip,admin,1,-1,1,1
rip,admin,1,0,4,4
rip,admin,1,1,0,0
rip,admin,1,2,3,3
rip,admin,1,3,0,0
rip,admin,1,4,0,0
rip,admin,1,5,0,0
rip,admin,1,6,0,0
rip,admin,1,7,0,0
rip,admin,1,8,0,0
rip,admin,1,9,0,0
rip,admin,1,10,0,0
rip,admin,1,11,0,0
rip,admin,1,12,0,0
rip,admin,1,13,0,0
rip,admin,1,14,0,0
rip,admin,1,15,0,0
rip,admin,1,16,0,0
rip,admin,1,17,0,0
rip,admin,1,18,0,0
rip,admin,1,19,0,0
rip,admin,1,20,0,0
rip,admin,1,21,0,0
rip,admin,1,22,0,0
rip,admin,1,23,0,0
rip,admin,1,24,1,1
rip,admin,1,25,2,2
rip,admin,1,26,0,0
rip,admin,1,27,0,0
rip,admin,1,28,0,0
rip,admin,1,29,0,0
rip,silent,1,-10,0,0
rip,silent,1,-9,1,1
rip,silent,1,-8,0,0
rip,silent,1,-7,2,2
rip,silent,1,-6,0,0
rip,silent,1,-5,0,0
rip,silent,1,-4,0,0
rip,silent,1,-3,3,3
rip,silent,1,-2,0,0
rip,silent,1,-1,6,6
rip,silent,1,0,1,1
rip,silent,1,1,0,0
rip,silent,1,2,0,0
rip,silent,1,3,0,0
rip,silent,1,4,0,0
rip,silent,1,5,0,0
rip,silent,1,6,0,0
rip,silent,1,7,0,0
rip,silent,1,8,0,0
rip,silent,1,9,0,0
rip,silent,1,10,0,0
rip,silent,1,11,0,0
rip,silent,1,12,0,0
rip,silent,1,13,0,0
rip,silent,1,14,0,0
rip,silent,1,15,0,0
rip,silent,1,16,0,0
rip,silent,1,17,0,0
rip,silent,1,18,0,0
rip,silent,1,19,0,0
rip,silent,1,20,0,0
rip,silent,1,21,0,0
rip,silent,1,22,0,0
rip,silent,1,23,2,2
rip,silent,1,24,0,0
rip,silent,1,25,0,0
rip,silent,1,26,2,2
rip,silent,1,27,1,1
rip,silent,1,28,0,0
rip,silent,1,29,1,1
